insert into board_board (id, name, description) values(1,'NEW Test board','NEW Testing board ');
insert into board_board (id, name, description) values(2,'Test board 2','Testing board 2');
insert into board_board (id, name, description) values(3,'Test board 3','Testing board 3');
insert into board_board (id, name, description) values(4,'Test board 4','Testing board 4');
insert into board_board (id, name, description) values(5,'Test board 5','Testing board 5');
insert into board_board (id, name, description) values(6,'Test board 6','Testing board 6');
insert into board_board (id, name, description) values(7,'Test board 7','Testing board 7');
insert into board_membership (id, join_date, board_id, user_id, role) values (1,current_date,1,1, 'SU');
insert into board_membership (id, join_date, board_id, user_id, role) values (2,current_date,2,1, 'SU');
insert into board_membership (id, join_date, board_id, user_id, role) values (3,current_date,3,1, 'SU');
insert into board_membership (id, join_date, board_id, user_id, role) values (4,current_date,4,1, 'SU');
insert into board_membership (id, join_date, board_id, user_id, role) values (5,current_date,5,1, 'SU');
insert into board_membership (id, join_date, board_id, user_id, role) values (6,current_date,6,1, 'SU');
insert into board_membership (id, join_date, board_id, user_id, role) values (7,current_date,7,1, 'SU');
insert into board_task (id, title, description, status, board_id, created, last_modified, created_by_id, priority) values(1,'Finish this fucking project','Everything needs to be done','TODO',1,current_date,current_date, 1, 'NORMAL');
insert into board_task (id, title, description, status, board_id, created, last_modified, created_by_id, priority) values(2,'Finish this fucking project 1','Everything needs to be done 1','TODO',1,current_date,current_date, 1, 'NORMAL');
insert into board_task (id, title, description, status, board_id, created, last_modified, created_by_id, priority) values(3,'Finish this fucking project 2','Everything needs to be done 2','TODO',1,current_date,current_date, 1, 'NORMAL');
insert into board_task (id, title, description, status, board_id, created, last_modified, created_by_id, priority) values(4,'Finish this fucking project 3','Everything needs to be done 3','TODO',1,current_date,current_date, 1, 'NORMAL');
insert into board_task (id, title, description, status, board_id, created, last_modified, created_by_id, priority) values(5,'Finish this fucking project 4','Everything needs to be done 4','TODO',1,current_date,current_date, 1, 'NORMAL');

insert into board_task (id, title, description, status, board_id, created, last_modified, created_by_id, priority) values(6,'#2 Finish this fucking project','#2 Everything needs to be done','TODO',2,current_date,current_date, 1, 'NORMAL');
insert into board_task (id, title, description, status, board_id, created, last_modified, created_by_id, priority) values(7,'#2 Finish this fucking project 1','#2 Everything needs to be done 1','TODO',2,current_date,current_date, 1, 'NORMAL');
insert into board_task (id, title, description, status, board_id, created, last_modified, created_by_id, priority) values(8,'#2 Finish this fucking project 2','#2 Everything needs to be done 2','TODO',2,current_date,current_date, 1, 'NORMAL');
insert into board_task (id, title, description, status, board_id, created, last_modified, created_by_id, priority) values(9,'#2 Finish this fucking project 3','#2 Everything needs to be done 3','TODO',2,current_date,current_date, 1, 'NORMAL');
insert into board_task (id, title, description, status, board_id, created, last_modified, created_by_id, priority) values(10,'#2 Finish this fucking project 4','#2 Everything needs to be done 4','TODO',2,current_date,current_date, 1, 'NORMAL');
